Прізвище,Ім'я,По_батькові,Стать,Дата_народження,Посада,Місто,Адреса,Телефон,Email
Вишиваний,Михайло,Олександрович,Ч,1986-12-09,ІТ-спеціаліст,хутір Таврійськ,"вулиця Поїзна, буд. 6 кв. 25",+380 17 812-86-57,chabanarsen@example.com
Макогон,Софія,Степанівна,Ж,1993-12-09,Секретар,місто Старобільськ,"провулок Професора Каришковського, буд. 0",088 368-59-57,sviatoslava89@example.net
Лагода,Аарон,Андрійович,Ч,1953-12-25,Адміністратор,селище Дніпрорудне,"шосе Слов'янська, буд. 6",759-83-86,azatovkaniuk@example.com
Бгиденко,Аарон,Борисович,Ч,1952-03-01,Інженер,місто Івано-Франківськ,"парк Танкерна, буд. 3 кв. 289",018 401 10 70,leontii41@example.net
Єрченко,Єлисавета,Євгенівна,Ж,2007-10-12,Технік,хутір Збараж,"набережна Грузинська, буд. 4 кв. 244",+380 57 710 46 56,kyrylozakharenko@example.com
Чорновіл,Хома,Анатолійович,Ч,1987-04-12,Адміністратор,місто Старобільськ,"сквер 40-річчя оборони Одеси, буд. 0",+380 (20) 278-68-38,hcherednyk@example.net
Матяш,Адам,Володимирович,Ч,1986-04-10,Оператор,місто Дубно,"сквер Аркадійська, буд. 423 кв. 4",144 26 94,avreliihavrysh@example.org
Гук,Ірена,Романівна,Ж,1968-05-20,Менеджер,місто Балта,"провулок Героїв УПА, буд. 063 кв. 13",+380 (93) 716-48-70,liubov64@example.org
Тичина,Дарина,Тарасівна,Ж,1940-03-10,Секретар,селище Дніпрорудне,"провулок Лобачевського, буд. 34 кв. 168",+380 87 831-01-22,virakhomenko@example.com
Джунь,Руслан,Юрійович,Ч,1939-09-12,Інженер,село Тараща,"узвіз Літня, буд. 14 кв. 9",+380 29 815 06 16,havryloievtushok@example.org
Деркач,Олег,Юрійович,Ч,1950-05-29,Маркетолог,місто Ялта,"набережна Сосюри, буд. 391 кв. 54",741 04 09,ievtushenkostepan@example.org
Василечко,Степан,Олександрович,Ч,1961-03-31,HR,місто Балта,"площа Строганов міст, буд. 21",+380 23 216 68 48,tetiana75@example.org
Михайличенко,Веніямин,Романович,Ч,1988-08-09,Працівник складу,хутір Підгородне,"вулиця Володимира Антоновича, буд. 4 кв. 957",+380 (56) 115-97-14,marynavanchenko@example.net
Онищенко,Тереза,Михайлівна,Ж,1946-01-03,Бухгалтер,хутір Хрестівка,"проспект Десантний, буд. 343 кв. 5",417 19 53,chaidabura@example.com
Ґереґа,Єлисавета,Іванівна,Ж,1953-12-06,Програміст,хутір Сновськ,"площа Лінія 50-та, буд. 8 кв. 991",030 361-48-11,kopytkoavrelii@example.com
Ярема,Пріска,Олексіївна,Ж,1996-03-18,ІТ-спеціаліст,хутір Збараж,"провулок Вапняний 1-й, буд. 518 кв. 222",054 189 42 32,galaganmarta@example.net
Верхола,Юстим,Григорович,Ч,1959-05-22,Керівник відділу,хутір Хрестівка,"провулок Лавкова, буд. 82",341-76-84,dbashtan@example.org
Дурдинець,Софія,Тарасівна,Ж,1958-03-11,Лаборант,селище Дніпрорудне,"проспект Поперечний, буд. 6",059-29-22,martyn69@example.com
Затовканюк,Валерій,Степанович,Ч,1988-04-11,Маркетолог,місто Балта,"площа Посівна, буд. 2",+380 87 335-77-36,ieva94@example.net
Верхола,Златослава,Григорівна,Ж,1942-04-29,ІТ-спеціаліст,хутір Рені,"шосе Харківська, буд. 28",044 485-27-91,zhuchenkobohdanna@example.net
Рубан,Сніжана,Олексіївна,Ж,1995-11-22,ІТ-спеціаліст,село Тараща,"проспект Овідіопольська дорога, буд. 9",765-68-28,babakvarfolomii@example.com
Журба,Олександр,Васильович,Ч,1983-11-26,Секретар,хутір Жашків,"набережна Восьмого березня 8-й, буд. 173 кв. 66",057 297 31 69,qizhakevych@example.com
Ященко,Любов,Ігорівна,Ж,1964-10-19,Лаборант,хутір Світлодарськ,"шосе 11-ша Лінія 6-й ст. Люстдорфської дороги, буд. 8 кв. 90",934-32-42,markohrechanyk@example.net
Аверченко,Ростислав,Борисович,Ч,1971-05-05,Менеджер,хутір Збараж,"провулок Семінарська, буд. 76 кв. 3",+380 (34) 101-90-84,boryslavhaievskyi@example.com
Гречаник,Мирон,Михайлович,Ч,1945-08-16,HR,село Болехів,"шосе Шкільний аеродром, буд. 85 кв. 1",+380 75 486 59 71,nlaba@example.net
Барабаш,Ада,Михайлівна,Ж,1984-02-10,Маркетолог,хутір Новояворівськ,"парк Танфільєва, буд. 642",+380 98 358 06 96,ndubyna@example.net
Яковенко,Ганна,Василівна,Ж,1951-12-23,Адміністратор,селище Дніпрорудне,"проспект Улицька, буд. 6",064 219 05 46,hlib74@example.com
Цимбалюк,Валентин,Андрійович,Ч,1989-02-03,Лаборант,хутір Таврійськ,"проспект Радісна, буд. 9",+380 (15) 170-28-21,skorbut@example.com
Гаврилюк,Нестор,Тарасович,Ч,1999-02-25,Працівник складу,село Тараща,"шосе Жевахова, буд. 5",+380 11 857-88-02,rozaliia84@example.com
Малишко,Камілла,Романівна,Ж,1984-03-17,HR,хутір Підгородне,"провулок Польова, буд. 95 кв. 349",009 656-34-31,irenatalan@example.net
Чередник,Юстим,Борисович,Ч,2003-06-26,Інженер,село Привілля,"проспект Рятувальників, буд. 222",+380 54 631 34 11,symondanchuk@example.com
Жук,Яків,Сергійович,Ч,1960-11-22,Аналітик,село Болехів,"вулиця Андреєвського, буд. 030",+380 89 754 19 21,solomonshelest@example.com
Колодуб,Климент,Євгенович,Ч,2004-02-10,ІТ-спеціаліст,хутір Рені,"площа Рабіна Іцхака, буд. 78",+380 (37) 457-91-31,arkhymovychavhustyn@example.com
Лавренко,Давид,Олександрович,Ч,2007-08-07,Маркетолог,хутір Рені,"площа Набережна, буд. 2 кв. 0",+380 (28) 096-42-17,adam08@example.org
Комар,Макар,Володимирович,Ч,1959-08-15,HR,хутір Новояворівськ,"проспект Виноградна 3-тя, буд. 13",724-37-65,kyrylo33@example.org
Журба,Єва,Анатоліївна,Ж,1973-08-21,Менеджер,хутір Сновськ,"шосе Фабрична, буд. 058 кв. 83",+380 (14) 914-21-20,tymofiiverhun@example.org
Андрієвич,Валентина,Володимирівна,Ж,1949-05-02,Маркетолог,хутір Хрестівка,"шосе Маршрутна, буд. 5 кв. 2",726-70-84,avdieienkoonysym@example.org
Бевз,Марта,Андріївна,Ж,1948-09-10,Працівник складу,селище Заліщики,"вулиця Кладовищний, буд. 24 кв. 14",638 83 55,edemianenko@example.org
Михайлюк,Богуслав,Борисович,Ч,1974-08-16,ІТ-спеціаліст,село Болехів,"шосе Слави, буд. 988 кв. 4",035 685 16 52,velychkonazar@example.net
Приймак,Маруся,Ігорівна,Ж,1962-11-29,Бухгалтер,хутір Новояворівськ,"узвіз Лютеранський, буд. 58 кв. 081",055 591 74 77,ruslan19@example.org
Височан,Володимира,Борисівна,Ж,1938-05-12,Бухгалтер,село Привілля,"проспект Каркашадзе, буд. 955 кв. 564",+380 95 882 02 43,vitaliisemenchenko@example.com
Червоненко,Ярослав,Володимирович,Ч,1989-12-14,Інженер,місто Дубно,"набережна Сергія Ейзенштейна, буд. 413",+380 19 811-32-86,drozdenkoprokhir@example.com
Цюцюра,Марія,Михайлівна,Ж,1959-09-25,HR,місто Балта,"парк Італійський, буд. 75",071 463-08-68,zdashenko@example.net
Акуленко,Федір,Андрійович,Ч,1953-07-05,Адміністратор,місто Ялта,"вулиця Люстдорфська дорога, буд. 03 кв. 08",485 89 84,hvalenko@example.com
Коваленко,Нестор,Борисович,Ч,1955-12-26,Адміністратор,хутір Світлодарськ,"парк Лазурний 6-й, буд. 8 кв. 92",040 690 56 64,eibozhenkovarfolomii@example.org
Бабариченко,Соломія,Юріївна,Ж,2005-12-14,Адміністратор,хутір Збараж,"проспект Віталія Блажка, буд. 756 кв. 17",+380 26 202-45-29,stepan48@example.com
Сич,Оксенія,Василівна,Ж,1986-12-05,Керівник відділу,хутір Хрестівка,"сквер Лінія 53-тя, буд. 37 кв. 61",232 30 14,alinazhalilo@example.com
Цісик,Онисим,Анатолійович,Ч,1948-12-05,Секретар,хутір Жашків,"вулиця Героїв Зміїного, буд. 90",086 501-86-14,zakhar70@example.org
Лупій,Остап,Юрійович,Ч,1972-05-20,Бухгалтер,хутір Світлодарськ,"сквер Буковецького, буд. 748",+380 61 971 26 93,varvaraandriienko@example.com
Батюк,Роман,Миколайович,Ч,1940-03-02,Технік,хутір Мостиська,"парк Успенська, буд. 395 кв. 10",+380 40 874-13-84,svitlana36@example.org
Алексюк,Богуслав,Іванович,Ч,1986-12-02,Адміністратор,місто Ялта,"сквер Слобідський узвіз, буд. 908",064 474 47 37,liza73@example.com
Журба,Єва,Сергіївна,Ж,1982-11-22,Керівник відділу,хутір Мостиська,"парк Садовий, буд. 0",+380 82 359-77-51,hermanstus@example.com
Дзюба,Златослава,Ігорівна,Ж,1977-03-22,Програміст,село Тараща,"провулок Щоглова, буд. 3",089 465-00-49,valentynshukhevych@example.org
Романчук,Герман,Олексійович,Ч,1967-01-15,Інженер,село Болехів,"проспект Тарутинська, буд. 860 кв. 5",+380 21 429-05-11,vlasenkooles@example.org
Байдак,Георгій,Володимирович,Ч,2002-05-31,Оператор,село Тараща,"узвіз Авіаційна, буд. 2",+380 (53) 154-08-51,nadiia29@example.com
Євдокименко,Ілля,Ігорович,Ч,1986-05-20,Працівник складу,хутір Сновськ,"сквер Саксаганського, буд. 43 кв. 482",981-23-36,halyna04@example.net
Байрак,Людмила,Юріївна,Ж,1982-03-02,Технік,хутір Новояворівськ,"парк Івана Луценка, буд. 15 кв. 8",+380 88 890-94-72,boryslavdarahan@example.org
Шиян,Ірена,Романівна,Ж,1956-04-17,Програміст,місто Дубно,"узвіз Кузнечна, буд. 2 кв. 76",924 49 08,lytvynenkohennadii@example.com
Гаврюшенко,Роман,Євгенович,Ч,1995-01-07,Маркетолог,село Привілля,"парк Авіаторів, буд. 96",+380 56 697-01-70,vashchukvitalii@example.net
Баклан,Болеслав,Андрійович,Ч,1979-05-31,Маркетолог,село Привілля,"шосе Кондрашина, буд. 573 кв. 318",+380 21 056-54-09,yperepelytsia@example.com
Абрагамовська,Григорій,Анатолійович,Ч,2004-10-21,Лаборант,хутір Світлодарськ,"парк Ізмаїльська, буд. 982 кв. 5",828 75 19,shvachkoievhen@example.com
Редько,Олександр,Васильович,Ч,1978-04-26,Маркетолог,село Привілля,"площа Вапняна, буд. 5 кв. 37",+380 57 367 68 19,iatamaniuk@example.org
Козаченко,Августин,Андрійович,Ч,1970-03-31,Програміст,місто Дубно,"набережна 8-ма Лінія 6-й ст. Люстдорфської дороги, буд. 127 кв. 84",028 140 76 38,iakulenko@example.org
Орлик,Єлисей,Романович,Ч,1989-12-23,Працівник складу,хутір Новояворівськ,"узвіз Чорноморський, буд. 1",026 908 36 30,roksolanatykhyi@example.net
Мірошниченко,Олег,Степанович,Ч,1993-10-08,Маркетолог,хутір Рені,"площа Моторний 2-й, буд. 19",618-17-08,adambabych@example.com
Баран,Світлана,Тарасівна,Ж,2004-11-27,Бухгалтер,хутір Світлодарськ,"провулок Бандурний, буд. 8 кв. 587",+380 (82) 663-74-52,emiliia42@example.net
Джус,Олекса,Іванович,Ч,1974-07-07,Лаборант,місто Ялта,"узвіз Вузький, буд. 44 кв. 64",+380 02 243 31 98,halynasavenko@example.net
Данчук,Клавдія,Романівна,Ж,2008-03-14,Адміністратор,хутір Підгородне,"шосе Пересипська 1-ша, буд. 31",200 66 62,odarkabhydenko@example.net
Юрчук,Богуслава,Сергіївна,Ж,2007-08-17,Маркетолог,місто Дубно,"провулок Кривобалківська, буд. 6 кв. 23",+380 25 784-18-43,sbabii@example.net
Заєць,Михайло,Павлович,Ч,1961-09-26,Секретар,селище Дніпрорудне,"парк Кипарисний 2-й, буд. 005 кв. 2",169 33 88,tkaras@example.org
Олійник,Соломія,Борисівна,Ж,1965-03-30,Менеджер,хутір Збараж,"проспект Олександра Богомольця, буд. 139",+380 (78) 934-02-88,stepanbaidak@example.net
Москаль,Євген,Євгенович,Ч,1981-06-21,Менеджер,хутір Збараж,"парк Валіховський, буд. 228 кв. 7",736-85-31,rakarkadii@example.com
Скиба,Орина,Олексіївна,Ж,1942-01-27,Адміністратор,село Привілля,"шосе Дністровська, буд. 685",035 915-07-09,hryhoriivakarchuk@example.com
Дейнеко,Анастасія,Миколаївна,Ж,2004-10-24,Маркетолог,селище Дніпрорудне,"сквер Бригадна, буд. 89",+380 64 570-87-06,kamilla52@example.net
Власенко,Михайло,Сергійович,Ч,1969-11-12,Технік,хутір Збараж,"набережна Айвазовського, буд. 66 кв. 099",098 01 55,daryna05@example.net
Шовкопляс,Богуслава,Іванівна,Ж,1952-09-22,Програміст,хутір Підгородне,"шосе Офіцерський 1-й, буд. 88",255-32-92,ovsiienkooles@example.net
Зубко,Євген,Сергійович,Ч,1974-01-22,Аналітик,місто Балта,"проспект Тіниста, буд. 01 кв. 346",+380 99 112-46-12,daryna43@example.org
Бандурка,Артем,Михайлович,Ч,1965-04-23,Бухгалтер,село Привілля,"вулиця Раїси Сергієнко, буд. 38 кв. 8",+380 54 820-75-00,stefan28@example.org
Джунь,Панас,Андрійович,Ч,1959-04-14,ІТ-спеціаліст,хутір Сновськ,"провулок Біржова, буд. 1 кв. 298",473 05 75,iosyp00@example.com
Парасюк,Амалія,Євгенівна,Ж,1944-02-25,Технік,село Привілля,"шосе Академіка Богатського, буд. 3 кв. 8",008 337 43 78,onysym61@example.org
Сіробаба,Єлисавета,Павлівна,Ж,1979-12-25,Програміст,місто Старобільськ,"сквер Торгова, буд. 50 кв. 01",+380 (95) 516-38-79,rieroshenko@example.net
Жаліло,Орися,Петрівна,Ж,1953-02-14,Адміністратор,місто Старобільськ,"провулок Василя Капніста, буд. 849 кв. 98",+380 44 090-77-53,sfesenko@example.com
Дубенко,Яків,Євгенович,Ч,1969-12-04,Маркетолог,місто Івано-Франківськ,"сквер Олексіївська, буд. 1",+380 04 804-60-55,kamilla03@example.net
Демʼянчук,Аркадій,Романович,Ч,1988-05-02,Працівник складу,хутір Підгородне,"набережна Водопровідний 2-й, буд. 469",+380 30 289-54-46,dbabii@example.org
Тесля,Ярослав,Тарасович,Ч,2008-11-08,Адміністратор,селище Заліщики,"площа Тираспольська, буд. 9 кв. 3",066 392-45-04,kiashchuk@example.net
Батіг,Галина,Степанівна,Ж,2002-03-29,Бухгалтер,місто Балта,"сквер Новопланівська, буд. 87 кв. 91",+380 84 604-17-18,liudmylaiakymenko@example.net
Архипенко,Роман,Михайлович,Ч,2001-05-26,Бухгалтер,місто Дубно,"узвіз Івахненка Петра, буд. 1 кв. 888",024 013 00 60,havrylivavrelii@example.org
Дутка,Максим,Михайлович,Ч,1974-02-13,Керівник відділу,селище Дніпрорудне,"вулиця Василя Данилевича, буд. 8 кв. 7",044 988-43-23,phohol@example.net
Токар,Павло,Григорович,Ч,2008-06-18,Адміністратор,хутір Жашків,"узвіз Лінія 35-та, буд. 10",081 233 24 10,iaryna21@example.com
Швачка,Борислав,Сергійович,Ч,1994-02-25,Лаборант,хутір Підгородне,"проспект Лузанівка, буд. 9",733 21 03,iurchukiaroslava@example.org
Шутько,Арсен,Юрійович,Ч,1977-10-18,Маркетолог,місто Ялта,"проспект Керченський 2-й, буд. 630",+380 35 557-96-61,fiarema@example.com
Жук,Єва,Михайлівна,Ж,1961-07-03,Оператор,село Привілля,"площа Балтський 8-й, буд. 48",+380 55 675-55-67,karashavrylo@example.com
Габелко,Едита,Василівна,Ж,1950-06-09,Секретар,місто Ялта,"шосе Геологічна, буд. 7",022 194 35 52,ada41@example.com
Верес,Борислав,Володимирович,Ч,1970-05-25,Адміністратор,хутір Новояворівськ,"парк Ватманський, буд. 5 кв. 2",+380 80 035 58 58,okhrim12@example.com
Бабій,Азар,Григорович,Ч,1948-05-23,Лаборант,хутір Жашків,"вулиця Картамишевський, буд. 59",+380 (35) 034-90-31,klymentkalenychenko@example.net
Атаманюк,Феофан,Ігорович,Ч,1944-02-14,Технік,місто Івано-Франківськ,"провулок Бутишів, буд. 4",+380 (79) 872-85-36,bandurkaeduard@example.org
Макогон,Руслан,Романович,Ч,1966-10-31,Оператор,село Болехів,"площа 411-ї батареї, буд. 7",+380 20 519-33-17,liliiaieremenko@example.org
Цимбал,Алла,Василівна,Ж,1942-01-13,Інженер,селище Заліщики,"парк Сільська, буд. 0 кв. 78",+380 27 185-94-95,shvedchenkoostap@example.com
Данильчук,Теодор,Іванович,Ч,2005-07-03,Бухгалтер,хутір Таврійськ,"набережна Чернігівська, буд. 502 кв. 35",+380 44 760-42-40,samoilenkotrokhym@example.net
Баран,Ірена,Тарасівна,Ж,2001-02-25,Програміст,селище Заліщики,"парк Стамбульський, буд. 94 кв. 252",+380 16 589-36-72,pstets@example.org
Лазаренко,Пилип,Володимирович,Ч,1968-09-21,Аналітик,місто Балта,"набережна Балтський 4-й, буд. 8",+380 97 582 97 60,uverkhovynets@example.net
Перебийніс,Орися,Миколаївна,Ж,1993-01-06,Лаборант,хутір Підгородне,"вулиця Дениса Максишка, буд. 73 кв. 841",+380 53 227 05 95,emiliiaiurchuk@example.com
Данилюк,Аліна,Миколаївна,Ж,1957-12-03,Працівник складу,місто Івано-Франківськ,"вулиця Отамана Чепіги, буд. 283",+380 (71) 542-25-22,levko86@example.com
Александренко,Роксолана,Тарасівна,Ж,1978-05-10,Працівник складу,хутір Підгородне,"провулок Рівності, буд. 849 кв. 4",005 166 82 97,cbarabash@example.com
Гаврилець,Ірина,Григорівна,Ж,1959-02-24,HR,хутір Світлодарськ,"набережна В’ячеслава Чорновола, буд. 627",+380 (27) 789-09-39,yshchyrytsia@example.com
Жук,Юстим,Володимирович,Ч,1987-01-28,Маркетолог,хутір Новояворівськ,"проспект Деревообробний 3-й, буд. 8",183-75-75,lupiiorkhyp@example.net
Баран,Левко,Андрійович,Ч,1978-07-11,Лаборант,місто Балта,"парк Лінія 44-та, буд. 126 кв. 697",052 529 33 37,veniiamynsuprunenko@example.org
Вовк,Єлисей,Степанович,Ч,1982-07-12,Маркетолог,село Болехів,"провулок Маячний, буд. 546 кв. 6",+380 74 496 54 21,criabchenko@example.org
Заруба,Костянтин,Андрійович,Ч,1945-01-27,Інженер,місто Дубно,"шосе Гетьмана Сагайдачного, буд. 78",+380 95 897-57-68,demydiurchyshyn@example.net
Дурдинець,Венедикт,Іванович,Ч,1981-02-05,Керівник відділу,хутір Новояворівськ,"вулиця Лінія 22-га, буд. 056",555-99-63,klyment56@example.net
Пелех,Ігнат,Юрійович,Ч,1963-10-08,ІТ-спеціаліст,хутір Жашків,"вулиця Бєлякова, буд. 599",031 956-34-16,zabaravarfolomii@example.com
Іваненко,Данна,Романівна,Ж,1952-05-12,ІТ-спеціаліст,місто Ялта,"узвіз Гаванна, буд. 65",+380 33 228-22-17,trokhymlavrenko@example.com
Дурдинець,Маруся,Іванівна,Ж,1939-05-13,Працівник складу,місто Ялта,"вулиця Мазепи Івана, буд. 3",079 701-28-79,ievhenivanenko@example.net
Батіг,Болеслав,Борисович,Ч,1943-02-15,Маркетолог,хутір Новояворівськ,"набережна Митна, буд. 08 кв. 33",004 048-31-11,gderkach@example.com
Павлик,Тетяна,Євгенівна,Ж,1949-08-30,Технік,хутір Збараж,"провулок Композитора Вербицького, буд. 56 кв. 65",031 233-03-67,ghrechko@example.org
Бабійчук,Валерій,Ігорович,Ч,1939-04-19,Інженер,місто Старобільськ,"вулиця Окружна, буд. 62",056 590-87-28,zlatoslava05@example.org
Яремків,Тарас,Петрович,Ч,1985-02-03,HR,місто Ялта,"сквер Гена Іоганна, буд. 5",024 070 71 96,chaikahalyna@example.net
Єфименко,Ярина,Петрівна,Ж,1962-07-19,Секретар,село Болехів,"шосе Шефська, буд. 698",+380 (38) 675-71-13,veniiamyn15@example.org
Зубко,Еріка,Анатоліївна,Ж,1946-03-03,Бухгалтер,місто Дубно,"вулиця Райдужна, буд. 31",+380 79 096-84-60,banduramaryna@example.com
Цушко,Орина,Тарасівна,Ж,1995-03-13,Менеджер,місто Балта,"узвіз Платанова, буд. 80 кв. 82",+380 74 992 58 66,wshablii@example.net
Гайда,Віталій,Андрійович,Ч,1997-06-25,Оператор,хутір Новояворівськ,"набережна Гвоздична, буд. 15",+380 48 421-82-70,uchaban@example.net
Вакуленко,Михайлина,Степанівна,Ж,1994-08-13,Адміністратор,місто Балта,"провулок 2-га Лінія 4-ї ст. Люстдорфської дороги, буд. 349 кв. 7",+380 04 809-61-15,nievtushenko@example.com
Дробʼязко,Надія,Григорівна,Ж,1960-01-08,Інженер,хутір Мостиська,"площа Дальницьке, буд. 9",018 84 32,kostiantyntsymbal@example.org
Заїка,Ярина,Юріївна,Ж,1953-09-22,Керівник відділу,селище Дніпрорудне,"проспект Травневий 1-й, буд. 4 кв. 319",+380 00 694-76-61,ielyseireva@example.org
Короленко,Ярема,Михайлович,Ч,2000-08-16,Програміст,село Привілля,"сквер Хортицька, буд. 82 кв. 3",005 175-33-42,ezasiadko@example.net
Засядько,Пилип,Петрович,Ч,1969-09-09,Програміст,селище Дніпрорудне,"парк Лиманчик 2-й Лінія 11-та, буд. 43",060 678 02 37,vertyporokhroksolana@example.net
Тичина,Єфрем,Борисович,Ч,1955-11-20,Лаборант,місто Старобільськ,"набережна Каштанова, буд. 7 кв. 127",+380 99 668-60-62,dkozachenko@example.com
Іваненко,Ігнат,Анатолійович,Ч,1997-06-05,Технік,місто Балта,"набережна Економічний, буд. 479 кв. 48",528 84 08,karmaliukiustym@example.com
Бевзенко,Варвара,Михайлівна,Ж,2002-09-11,Секретар,хутір Рені,"набережна Наявний 3-й, буд. 607",086 738 06 06,abramchukodarka@example.org
Удовенко,Хома,Євгенович,Ч,1953-12-06,Технік,місто Ялта,"проспект Трибуни героїв, буд. 5",110-94-54,bashpolchenkoiaroslav@example.net
Дейнека,Пріска,Петрівна,Ж,1956-03-30,HR,селище Дніпрорудне,"узвіз Романтиків, буд. 5",033 448-54-90,qadamchuk@example.org
Юрчук,Галина,Петрівна,Ж,1942-09-27,Аналітик,хутір Рені,"набережна Кінна, буд. 32",089 156 32 07,solomonivanchenko@example.net
Гресь,Франц,Олексійович,Ч,1980-02-03,Програміст,село Тараща,"проспект Разумовська, буд. 751",131 87 87,ieromenkodemyd@example.com
Безбородько,Ольга,Миколаївна,Ж,1966-01-20,Інженер,місто Ялта,"площа 2-га Лінія Марії Демченко, буд. 4",089 444-54-40,androshchukmariana@example.com
Уманець,Анастасія,Борисівна,Ж,1940-12-23,Оператор,місто Ялта,"узвіз Панченка, буд. 413",303 29 90,bcherinko@example.net
Чуйко,Владислав,Романович,Ч,2006-06-28,Лаборант,хутір Збараж,"шосе 14-та Лінія 6-й ст. Люстдорфської дороги, буд. 2",025 91 88,ihnat60@example.net
Забіла,Герман,Іванович,Ч,2004-02-01,Програміст,місто Балта,"шосе Військово-морських сил, буд. 88 кв. 741",079 629 38 08,geretahryhorii@example.org
Михайлюк,Маруся,Сергіївна,Ж,1960-06-06,Секретар,хутір Сновськ,"сквер Суперфосфатна, буд. 81",286-86-84,tsymbalihnat@example.com
Корбут,Панас,Сергійович,Ч,1965-01-29,Інженер,хутір Новояворівськ,"шосе Цесевича, буд. 438 кв. 823",372 06 40,venedyktvasylechko@example.net
Чубай,Ольга,Петрівна,Ж,2003-09-23,Адміністратор,хутір Сновськ,"площа Соляний 2-й, буд. 16",012 587-78-56,feofanandrusenko@example.com
Литвин,Пріска,Олександрівна,Ж,1961-05-09,Секретар,хутір Новояворівськ,"сквер Трояндова, буд. 2",+380 10 697-07-13,gzabashta@example.org
Пушкар,Мілена,Миколаївна,Ж,1998-10-22,Адміністратор,село Болехів,"проспект Студентський 3-й, буд. 952",064 737 60 84,vanchenkokyrylo@example.org
Даценко,Богданна,Анатоліївна,Ж,1960-01-06,Програміст,місто Старобільськ,"площа Куниці, буд. 127",+380 67 719-79-10,babiakmykyta@example.org
Гресь,Георгій,Андрійович,Ч,1967-08-13,ІТ-спеціаліст,хутір Сновськ,"шосе Планетна, буд. 507",+380 33 500-78-36,zakharsheremeta@example.org
Вахній,Ігор,Олексійович,Ч,2008-04-20,Працівник складу,хутір Мостиська,"узвіз 11-та Лінія Марії Демченко, буд. 89",006 348 73 09,zpiatachenko@example.net
Бабко,Єлисей,Тарасович,Ч,1947-05-24,Менеджер,хутір Збараж,"узвіз Солонцюватий 1-й, буд. 1 кв. 62",+380 (28) 888-92-46,wvakarchuk@example.net
Мірошниченко,Роксолана,Олексіївна,Ж,1988-02-13,Лаборант,хутір Мостиська,"проспект Валерія Самофалова, буд. 88 кв. 834",146-24-94,karkhypenko@example.com
Цюпа,Богдан,Олексійович,Ч,1986-01-20,Інженер,хутір Світлодарськ,"набережна Михайла Божія, буд. 2",178 70 04,baidaiaroslav@example.net
Фаренюк,Омелян,Васильович,Ч,1955-12-10,Керівник відділу,хутір Новояворівськ,"парк Верстатобудівна, буд. 56 кв. 641",078 566-69-42,orkhypderhach@example.com
Ґалаґан,Сніжана,Олексіївна,Ж,1967-02-02,Технік,селище Дніпрорудне,"провулок Газовий, буд. 183 кв. 35",034 226 67 50,baidaprokhir@example.org
Хомик,Борислав,Павлович,Ч,1949-05-03,Маркетолог,хутір Рені,"парк Радіо, буд. 469 кв. 75",990 28 72,andriievychbohuslav@example.org
Баранець,Варфоломій,Петрович,Ч,1964-12-16,HR,місто Старобільськ,"парк Наливна, буд. 884",+380 86 167-31-52,kyrylenkosvitlana@example.com
Ващенко,Анжела,Степанівна,Ж,1975-06-19,Адміністратор,хутір Сновськ,"вулиця Ялинковий, буд. 759 кв. 8",+380 60 971-66-19,aronetsedyta@example.net
Юрчишина,Оксана,Павлівна,Ж,1962-06-18,Керівник відділу,село Привілля,"провулок Нафтовиків 3-й, буд. 024 кв. 962",+380 49 940 68 96,omelianprykhodko@example.com
Данчук,Ігор,Олексійович,Ч,1938-10-10,Програміст,село Болехів,"шосе Французький, буд. 9",+380 (46) 704-24-64,aleksiichukavrelii@example.org
Петренко,Стефан,Олександрович,Ч,1966-06-14,ІТ-спеціаліст,хутір Сновськ,"парк Героїв Крут, буд. 33",311-10-91,adamenkostefan@example.org
Ільєнко,Наталія,Степанівна,Ж,1989-06-01,Технік,хутір Збараж,"сквер Травневий, буд. 328",+380 25 968 92 58,kylymnykartem@example.org
Даниленко,Спас,Євгенович,Ч,1981-01-13,Оператор,село Тараща,"набережна Палубна, буд. 0 кв. 048",+380 99 476-13-42,ishchenkotereza@example.com
Салій,Артем,Романович,Ч,1945-01-05,ІТ-спеціаліст,хутір Мостиська,"проспект Ветеранів праці, буд. 43",+380 92 839-03-75,stanislavparasiuk@example.com
Кабаненко,Олена,Петрівна,Ж,1950-01-27,Інженер,село Привілля,"набережна Квітнева, буд. 8 кв. 85",033 365-40-78,tymofiishynkarenko@example.org
Жук,Любов,Тарасівна,Ж,1989-08-22,HR,місто Балта,"набережна Овідіопольська, буд. 21",+380 83 234 55 54,amvrosiichalenko@example.com
Шелест,Яків,Григорович,Ч,2001-01-23,Маркетолог,хутір Сновськ,"узвіз 21-й км Старокиївської дороги, буд. 3",+380 31 655-31-06,erika56@example.com
Сич,Михайло,Павлович,Ч,1995-09-25,Керівник відділу,хутір Новояворівськ,"сквер Травневий 1-й, буд. 59 кв. 6",097 540-19-80,martaabrahamovska@example.org
Вергун,Орина,Ігорівна,Ж,1979-09-06,Маркетолог,хутір Сновськ,"сквер Трудова, буд. 1 кв. 29",076 716-27-34,vivcharenkomykhailo@example.org
Малишко,Гаврило,Борисович,Ч,1983-07-15,Менеджер,місто Дубно,"парк Батуринська, буд. 58 кв. 34",489-47-44,myroslavartymovych@example.com
Андрійчук,Данна,Олександрівна,Ж,1960-06-10,Аналітик,місто Івано-Франківськ,"парк Чернишевського, буд. 26 кв. 1",050 840-61-95,avreliiierchenko@example.org
Запорожець,Олекса,Юрійович,Ч,1949-12-20,ІТ-спеціаліст,село Болехів,"площа Рівності 1-й, буд. 0 кв. 07",249-36-42,vasylevychanita@example.com
Корбут,Вікторія,Василівна,Ж,2006-10-01,Працівник складу,селище Заліщики,"сквер Амбулаторний 2-й, буд. 5 кв. 99",+380 93 981 56 23,zdanchenko@example.net
Ребрик,Євген,Петрович,Ч,1946-11-26,Програміст,місто Балта,"площа Кипарисний 3-й, буд. 4 кв. 4",294 76 41,orkhyp72@example.com
Ковпак,Ірина,Миколаївна,Ж,1956-05-01,Адміністратор,хутір Рені,"сквер Сирітський, буд. 9",+380 06 514-29-31,roksolanaromanets@example.net
Колісниченко,Омелян,Юрійович,Ч,1985-03-23,Аналітик,хутір Рені,"площа Наявний 2-й, буд. 008",+380 (92) 066-32-31,ibevzenko@example.com
Охріменко,Тимофій,Сергійович,Ч,1957-07-03,Аналітик,хутір Підгородне,"площа Путьова, буд. 463 кв. 494",045 948 33 80,tsisykmartyn@example.org
Данькевич,Прохір,Олексійович,Ч,1976-10-06,Інженер,хутір Мостиська,"провулок Центральний аеропорт, буд. 093",+380 (44) 346-00-27,xvovk@example.com
Засядько,Семен,Павлович,Ч,1981-08-30,Лаборант,хутір Світлодарськ,"проспект Котляревського, буд. 79",095 260 14 17,iustymhaidai@example.org
Дзюба,Георгій,Григорович,Ч,1955-12-24,Маркетолог,хутір Хрестівка,"парк Композитора Вербицького, буд. 65",+380 36 641 12 55,ytytarenko@example.org
Козаченко,Тарас,Григорович,Ч,1976-03-02,Оператор,село Тараща,"сквер Тиха, буд. 1",076 223-91-55,ypetrenko@example.net
Шиян,Ярослав,Борисович,Ч,1954-12-10,Секретар,хутір Хрестівка,"вулиця Прохоровська, буд. 3",014 800 54 30,sviatoslava22@example.org
Дробаха,Дарина,Сергіївна,Ж,1961-01-06,Працівник складу,хутір Жашків,"проспект Олександрійський, буд. 3 кв. 9",+380 (36) 872-91-73,borysrudyk@example.org
Скирда,Вʼячеслав,Іванович,Ч,2004-12-30,Програміст,хутір Новояворівськ,"шосе Кінна, буд. 9",+380 15 842-97-68,havrylovyshniak@example.net
Сич,Богодар,Олексійович,Ч,1981-09-12,Технік,хутір Новояворівськ,"узвіз Золотий берег, буд. 86 кв. 92",059-72-79,panas27@example.org
Шаблій,Марко,Михайлович,Ч,1983-10-05,Секретар,хутір Мостиська,"площа Водопровідна, буд. 341 кв. 136",047 063-04-49,tymofiiartemenko@example.com
Прокопович,Михайлина,Юріївна,Ж,1976-03-07,Інженер,село Тараща,"набережна Трусовська, буд. 062",877-58-60,pliashko@example.net
Гаврилів,Августин,Володимирович,Ч,1938-07-29,Бухгалтер,хутір Світлодарськ,"площа Хімічна, буд. 02",+380 27 224 86 18,danyliukorysia@example.com
Шиян,Тарас,Іванович,Ч,1986-07-08,Технік,хутір Світлодарськ,"площа Аеропортівський 5-й, буд. 637 кв. 2",038 547-99-83,mykolaikashchenko@example.net
Ґжицька,Августин,Олексійович,Ч,2005-01-02,Керівник відділу,місто Старобільськ,"узвіз Героїв Зміїного, буд. 278",628 02 55,miakymenko@example.com
Дрозденко,Левко,Юрійович,Ч,1987-06-20,Адміністратор,село Привілля,"узвіз Марка Крейна, буд. 39 кв. 50",764 24 35,ielysei00@example.org
Єсипенко,Єлисавета,Анатоліївна,Ж,1986-08-18,HR,село Привілля,"узвіз Аеропортівський 3-й, буд. 98 кв. 13",265-47-06,havryshkevychoryna@example.com
Ященко,Ростислав,Анатолійович,Ч,1992-01-29,Аналітик,хутір Мостиська,"шосе Степний 2-й, буд. 94",027-25-19,edytalupii@example.net
Корпанюк,Борислав,Ігорович,Ч,1978-08-07,Адміністратор,місто Ялта,"провулок Георгія Липського, буд. 532 кв. 9",209 44 50,roksolanaandriienko@example.org
Устенко,Соломон,Олексійович,Ч,1977-11-06,Маркетолог,місто Ялта,"сквер Госпітальєрів, буд. 266 кв. 75",+380 72 404-30-70,demianenkolarysa@example.com
Корпанюк,Аарон,Борисович,Ч,2007-04-22,Менеджер,місто Балта,"провулок Молокова, буд. 963",+380 23 215-51-18,eduarddemianenko@example.net
Тичина,Орися,Іванівна,Ж,1976-01-21,Лаборант,хутір Мостиська,"сквер Софіївська, буд. 22",527 91 76,bohuslavgerega@example.net
Демʼяненко,Ліза,Петрівна,Ж,1971-01-18,Працівник складу,хутір Новояворівськ,"узвіз Степана Олійника узвіз, буд. 68 кв. 913",+380 (58) 751-75-03,stepan23@example.com
Ажажа,Панас,Ігорович,Ч,1997-02-13,ІТ-спеціаліст,місто Дубно,"провулок Старорізнична, буд. 01",+380 91 287-93-76,mazepaanastasiia@example.com
Вдовенко,Ярина,Сергіївна,Ж,1946-01-29,HR,місто Дубно,"набережна Соляний 2-й, буд. 28 кв. 6",+380 19 588 20 33,zhadanles@example.org
Бабійчук,Панас,Романович,Ч,1962-02-14,Оператор,місто Балта,"шосе Шполянська, буд. 3 кв. 3",281-02-84,parmendzhus@example.net
Єресько,Болеслав,Павлович,Ч,1995-01-17,Лаборант,хутір Хрестівка,"сквер Олександра Ройтбурда, буд. 080 кв. 705",+380 46 467-41-90,romanenkoborys@example.org
Ковалюк,Богодар,Степанович,Ч,1972-11-07,Оператор,село Болехів,"площа Саймона Літмана, буд. 3",+380 34 477-89-83,fkolesnychenko@example.net
Данько,Адам,Тарасович,Ч,1969-10-21,Менеджер,селище Дніпрорудне,"парк Ференца Ліста, буд. 462 кв. 966",+380 33 704 47 75,dziubakhrystyna@example.net
Яремків,Орест,Олександрович,Ч,1939-08-19,Менеджер,місто Балта,"площа Олександра Юрженка, буд. 63",+380 (02) 665-82-18,arsendevdiuk@example.org
Василевич,Ярина,Павлівна,Ж,1949-05-28,Маркетолог,хутір Світлодарськ,"проспект Лазурний 4-й, буд. 20 кв. 769",+380 65 343-79-74,rbezborodko@example.com
Зубко,Андрій,Анатолійович,Ч,1961-02-20,Програміст,хутір Світлодарськ,"парк Штабний, буд. 483 кв. 532",043 606 63 21,perebyinisiarema@example.net
Копитко,Пилип,Анатолійович,Ч,2000-01-09,Адміністратор,селище Дніпрорудне,"проспект Теплична, буд. 40",+380 21 644-68-02,perepelytsiavalentyna@example.com
Свириденко,Станіслав,Степанович,Ч,2007-09-16,ІТ-спеціаліст,хутір Хрестівка,"вулиця Мазепи Івана, буд. 540",+380 70 548-34-42,bohuslava58@example.org
Скоробогатько,Франц,Андрійович,Ч,2002-03-10,HR,хутір Хрестівка,"провулок Хвиляста, буд. 55",+380 24 040 89 90,dbevz@example.org
Івасюк,Спас,Романович,Ч,2002-04-02,Працівник складу,хутір Рені,"набережна Віри Холодної, буд. 906 кв. 7",059 067-85-30,iaroslavcharnysh@example.com
Ковпак,Єфрем,Сергійович,Ч,1949-08-13,Бухгалтер,місто Ялта,"сквер Панченка, буд. 841",625-31-75,dzyndraliudmyla@example.com
Токар,Варвара,Григорівна,Ж,2003-07-05,Інженер,село Болехів,"провулок Горбиста, буд. 13 кв. 489",797 87 65,rredko@example.org
Романенко,Ада,Євгенівна,Ж,1951-12-21,Оператор,село Болехів,"провулок Цегельнозаводська, буд. 232 кв. 372",788 66 96,rchalenko@example.com
Перебийніс,Богуслав,Романович,Ч,1996-04-14,Лаборант,хутір Підгородне,"сквер Аеропортівська, буд. 92",+380 32 670 53 24,jderevianko@example.net
Овчаренко,Ганна,Іванівна,Ж,1945-12-31,Працівник складу,селище Заліщики,"набережна Басейна, буд. 0 кв. 112",+380 03 654-53-26,zaporozhetsvladyslav@example.com
Дробаха,Орися,Петрівна,Ж,1987-04-23,Бухгалтер,місто Старобільськ,"вулиця Чорноморка, буд. 2",+380 (93) 312-78-05,sviatoslava42@example.com
Величко,Аніта,Анатоліївна,Ж,1969-02-07,Інженер,село Болехів,"провулок Баринштейна, буд. 502 кв. 13",+380 97 731-24-03,oksanaromanenko@example.org
Іваничук,Михайло,Борисович,Ч,1998-12-03,Працівник складу,село Болехів,"набережна Олександра Богомольця, буд. 9 кв. 24",143 64 82,herman48@example.org
Бабʼюк,Гліб,Євгенович,Ч,1999-06-01,Адміністратор,хутір Підгородне,"площа Оранжерейний, буд. 10",+380 (70) 477-52-37,valentynashevchenko@example.net
Литвиненко,Златослава,Тарасівна,Ж,2001-03-05,HR,хутір Таврійськ,"площа Манежна, буд. 30 кв. 1",+380 10 365-67-77,ckarpa@example.org
Конопля,Лілія,Андріївна,Ж,1998-09-20,Аналітик,хутір Рені,"сквер Дунайська, буд. 10",036 344-53-03,oleh21@example.org
Черінько,Дмитро,Романович,Ч,1949-02-08,Аналітик,хутір Збараж,"сквер Привокзальний, буд. 13",+380 01 323-62-66,valentyn08@example.com
Василевич,Пріска,Ігорівна,Ж,1999-03-08,Програміст,хутір Хрестівка,"узвіз Машинобудівний, буд. 1 кв. 44",874-07-56,jdashkevych@example.net
Прокопович,Віталій,Романович,Ч,1948-06-03,Маркетолог,хутір Хрестівка,"сквер Китобійний 1-й, буд. 5",019 266-94-92,andriishynleon@example.net
Гунько,Герман,Миколайович,Ч,1951-05-19,Працівник складу,селище Заліщики,"парк Обсерваторний, буд. 2",+380 82 260-78-78,lytvynenkoviktor@example.net
Чуприна,Спас,Андрійович,Ч,1952-12-29,Програміст,місто Балта,"сквер Пересипська 5-та, буд. 8 кв. 60",+380 90 445-80-28,tsisykoleksandr@example.net
Панчук,Артем,Анатолійович,Ч,2004-09-03,ІТ-спеціаліст,місто Старобільськ,"сквер Рівності, буд. 1 кв. 781",+380 (52) 769-54-78,bairakheorhii@example.org
Дзюба,Олександр,Ігорович,Ч,1982-03-08,Аналітик,місто Старобільськ,"узвіз Подільська, буд. 222",+380 (01) 544-55-46,cchumak@example.com
Кабалюк,Дан,Андрійович,Ч,2008-10-04,Секретар,селище Заліщики,"провулок Володимира Хавкіна, буд. 744 кв. 97",487-57-27,nataliiaskorobohatko@example.com
Негода,Теодор,Степанович,Ч,1981-08-07,Технік,місто Дубно,"узвіз Балтський 3-й, буд. 899",+380 26 644-39-07,vadym47@example.net
Фоменко,Ігор,Павлович,Ч,2001-08-03,Адміністратор,хутір Таврійськ,"сквер Луїджі Іоріні, буд. 82",+380 23 611-52-78,jbabychenko@example.com
Олійник,Тарас,Борисович,Ч,1994-02-10,Оператор,хутір Світлодарськ,"площа Моторний 3-й, буд. 47",+380 06 130-95-64,nazarsatsiuk@example.com
Стельмах,Трохим,Миколайович,Ч,1958-07-04,Програміст,місто Балта,"проспект Виставочна, буд. 504 кв. 9",940 45 16,ivermenych@example.com
Масляк,Зорян,Євгенович,Ч,2001-05-12,Бухгалтер,селище Дніпрорудне,"вулиця Василя Кандинського 3-й, буд. 75 кв. 7",025 237-24-53,mariiaholoborodko@example.net
Балабан,Роксолана,Олександрівна,Ж,1949-09-06,Адміністратор,хутір Жашків,"парк Петра Лещенка, буд. 66 кв. 3",+380 05 168-75-23,babakanita@example.com
Давиденко,Левко,Анатолійович,Ч,1988-04-25,Аналітик,селище Заліщики,"шосе Бессарабська, буд. 94 кв. 819",061 261 68 32,havrylivoksana@example.net
Жученко,Богдан,Петрович,Ч,1985-10-19,HR,селище Заліщики,"узвіз Віри Холодної, буд. 985",+380 (61) 674-67-69,iukhymzharko@example.com
Засенко,Ігнат,Олексійович,Ч,1951-05-10,Працівник складу,місто Балта,"проспект Угорська, буд. 4 кв. 012",055-02-67,samoilenkodanna@example.net
Карпа,Ілля,Євгенович,Ч,1981-01-28,Лаборант,хутір Світлодарськ,"вулиця 9-та Лінія Дачі Ковалевського, буд. 3 кв. 765",049 299 28 22,iarynateslenko@example.org
Хмара,Стефан,Євгенович,Ч,1982-01-29,Бухгалтер,хутір Хрестівка,"шосе Педагогічний, буд. 76 кв. 063",+380 (49) 085-18-36,hennadii87@example.net
Юрчишина,Трохим,Павлович,Ч,1991-09-28,Оператор,місто Івано-Франківськ,"проспект Вишневий, буд. 156 кв. 56",+380 76 800 75 31,zhurbaboryslav@example.net
Сіробаба,Валерій,Степанович,Ч,1953-10-21,Маркетолог,хутір Підгородне,"набережна Сім'ї Глодан, буд. 7 кв. 124",+380 52 304 78 87,leonid04@example.com
Тесленко,Борислав,Юрійович,Ч,2000-04-11,Оператор,місто Старобільськ,"провулок Миколи Бурачека, буд. 4",069 427 61 59,levko08@example.net
Удовиченко,Валентин,Олександрович,Ч,1943-03-21,Програміст,хутір Сновськ,"проспект Йозефа Прибіка, буд. 5",+380 40 234-30-00,obezborodko@example.net
Литвин,Ростислав,Олексійович,Ч,1999-11-30,Менеджер,хутір Жашків,"набережна Теплична, буд. 3",006 227 50 79,tereza49@example.org
Зубко,Марко,Степанович,Ч,1993-11-07,Оператор,хутір Хрестівка,"площа Весняна, буд. 73",+380 14 246-41-00,anzhela20@example.com
Ващук,Дарина,Степанівна,Ж,1948-08-15,Менеджер,місто Ялта,"вулиця Кленова, буд. 0",+380 79 759-13-25,kanivetshordii@example.com
Хмара,Василь,Євгенович,Ч,1958-03-10,Технік,місто Старобільськ,"парк Місячний, буд. 913 кв. 1",014 851-19-95,edytabevz@example.net
Кириленко,Марʼяна,Петрівна,Ж,1988-07-07,Менеджер,село Болехів,"сквер Леопольда Ященка, буд. 23",616 29 34,liliia89@example.com
Їжак,Соломія,Григорівна,Ж,1988-07-13,Бухгалтер,село Привілля,"узвіз Партизанська, буд. 63",+380 24 539-06-45,kovpakhennadii@example.org
Чаленко,Святослава,Юріївна,Ж,1997-03-15,ІТ-спеціаліст,хутір Світлодарськ,"вулиця Буджацька, буд. 727 кв. 83",+380 49 241-53-55,viacheslavpetrenko@example.org
Корсун,Оксенія,Анатоліївна,Ж,1967-05-25,Інженер,місто Дубно,"сквер Абрикосовий, буд. 26",+380 98 692-18-33,ycherinko@example.net
Адамчук,Маруся,Ігорівна,Ж,1993-03-17,Бухгалтер,хутір Рені,"шосе Розкидайлівська, буд. 406",+380 (22) 941-61-76,shcherbanvadym@example.net
Чекалюк,Аркадій,Григорович,Ч,1963-02-19,Аналітик,хутір Сновськ,"сквер Георгія Липського, буд. 554 кв. 6",036 903 39 29,zorian13@example.com
Андрієвич,Альберт,Євгенович,Ч,1991-12-07,Лаборант,село Привілля,"шосе Мала, буд. 63 кв. 61",072 551-78-66,borys77@example.net
Артюх,Данна,Романівна,Ж,1940-01-28,Технік,хутір Сновськ,"шосе Мала Садова, буд. 35",+380 57 802 31 34,klyment92@example.com
Кабаненко,Пріска,Павлівна,Ж,1950-07-06,Технік,місто Балта,"провулок Бєлякова, буд. 558",+380 (48) 471-01-84,ielysei68@example.net
Тимчук,Симон,Олександрович,Ч,1999-02-11,Маркетолог,хутір Таврійськ,"проспект Бригадна, буд. 68",+380 49 716-33-71,emiliia81@example.org
Данько,Аркадій,Павлович,Ч,1944-12-10,Технік,село Болехів,"парк Вінницька, буд. 0",+380 21 710 27 27,sshvaika@example.org
Василенко,Ліза,Ігорівна,Ж,1966-06-11,Бухгалтер,місто Балта,"набережна Тюльпанний, буд. 895",388-20-60,orestperebyinis@example.com
Єщенко,Богуслава,Олексіївна,Ж,1942-06-19,Керівник відділу,місто Дубно,"проспект Лінія 37-ма, буд. 6 кв. 16",+380 01 439-96-06,nehodakamilla@example.org
Гречко,Лариса,Сергіївна,Ж,1950-06-22,ІТ-спеціаліст,хутір Новояворівськ,"шосе П'ята, буд. 480 кв. 7",+380 95 281 34 80,qkalchenko@example.net
Мамчур,Орися,Павлівна,Ж,2002-08-07,Аналітик,місто Івано-Франківськ,"узвіз Набережна, буд. 49",+380 95 699 10 38,leontiizakusylo@example.net
Свистун,Наталія,Миколаївна,Ж,1998-12-22,Керівник відділу,місто Балта,"набережна Абрикосовий, буд. 5",038 281-82-04,kamilla55@example.com
Удовиченко,Святослава,Іванівна,Ж,1984-03-23,ІТ-спеціаліст,хутір Сновськ,"парк тупик Хвиля, буд. 6",204-53-63,tarasolifirenko@example.net
Петлюра,Венедикт,Миколайович,Ч,1969-08-12,ІТ-спеціаліст,місто Ялта,"вулиця Данила Крижанівського, буд. 031 кв. 4",086 952 92 28,anitaliashko@example.org
Тесленко,Юстим,Михайлович,Ч,1962-04-27,Працівник складу,хутір Рені,"проспект Колонічна, буд. 73",334-36-43,amaliia63@example.com
Проценко,Лукʼян,Юрійович,Ч,1993-09-06,Лаборант,село Привілля,"вулиця Сергія Коновалова, буд. 8 кв. 6",816 68 69,yiermolenko@example.org
Макаренко,Амвросій,Тарасович,Ч,1988-08-21,Працівник складу,місто Старобільськ,"шосе Жолкова Бориса, буд. 88",+380 51 648 55 26,ivandakhno@example.org
Александренко,Богданна,Романівна,Ж,1965-01-05,ІТ-спеціаліст,місто Івано-Франківськ,"площа Приморський, буд. 406 кв. 67",+380 (30) 432-25-84,rruban@example.com
Шахрай,Зорян,Ігорович,Ч,1987-04-07,Менеджер,хутір Таврійськ,"проспект Іванівська, буд. 65 кв. 9",012 352-87-64,pylypenkooleksandr@example.org
Ґоляш,Давид,Михайлович,Ч,1983-08-16,Технік,хутір Підгородне,"сквер Житомирський 4-й, буд. 98",731 26 16,iaremashylo@example.net
Павленко,Аркадій,Григорович,Ч,1957-04-16,ІТ-спеціаліст,селище Дніпрорудне,"узвіз Андросовський, буд. 727",+380 (33) 905-37-42,vabramchuk@example.net
Верхола,Євген,Євгенович,Ч,1986-12-24,Інженер,місто Балта,"площа Марка Крейна, буд. 61",006 482 42 24,solomiiahaidenko@example.com
Фурс,Олекса,Борисович,Ч,1962-04-22,Програміст,місто Балта,"вулиця Охтирський, буд. 655",+380 (06) 127-25-42,sirchenkoalla@example.com
Єрьоменко,Захар,Тарасович,Ч,1949-04-24,Працівник складу,село Болехів,"шосе Світла, буд. 8 кв. 3",+380 (13) 448-75-70,fteslenko@example.org
Романчук,Альбіна,Павлівна,Ж,1944-03-13,Аналітик,місто Старобільськ,"провулок Кривобалківська, буд. 639 кв. 603",+380 55 741 08 52,orkhypivanchenko@example.com
Закусило,Клавдія,Павлівна,Ж,1986-11-15,Програміст,село Привілля,"вулиця 2-га Лінія 4-ї ст. Люстдорфської дороги, буд. 77",+380 (36) 213-44-30,udovenkotymofii@example.net
Ярош,Марія,Юріївна,Ж,1940-09-23,Маркетолог,хутір Світлодарськ,"проспект Академіка Липського, буд. 724 кв. 49",+380 04 347-88-30,iustym11@example.com
Адаменко,Захар,Володимирович,Ч,1999-03-23,Менеджер,місто Ялта,"провулок Яблучна, буд. 845",+380 62 075-29-37,martarudyk@example.net
Зінкевич,Софія,Сергіївна,Ж,1989-12-20,Менеджер,хутір Жашків,"набережна Топольського, буд. 29 кв. 72",088 79 98,leonverhun@example.net
Пелех,Марта,Тарасівна,Ж,2006-11-05,Керівник відділу,село Тараща,"проспект Сортувальна 1-ша, буд. 85 кв. 590",063 754 31 94,bohdanna04@example.com
Ткаченко,Тетяна,Ігорівна,Ж,1952-05-02,Менеджер,хутір Новояворівськ,"набережна Шевченка парк, буд. 883",998-54-18,klavdiianehoda@example.org
Романчук,Борис,Володимирович,Ч,1974-05-24,Технік,селище Заліщики,"узвіз Усатівська, буд. 397 кв. 203",016-56-32,rubetsandrii@example.org
Мамчур,Амвросій,Олександрович,Ч,1962-03-15,Адміністратор,селище Заліщики,"узвіз Машинобудівний, буд. 926",570 73 68,svyrydenkoliza@example.net
Бабак,Іван,Іванович,Ч,1986-03-15,Інженер,місто Ялта,"шосе Куликовський 2-й, буд. 6 кв. 65",069-69-22,ivan27@example.com
Абрагамовська,Маруся,Романівна,Ж,2005-01-06,Програміст,село Болехів,"узвіз Віталія Блажка, буд. 16",002 044 50 12,leongerus@example.org
Оніщук,Ростислав,Володимирович,Ч,1940-09-22,Секретар,селище Дніпрорудне,"площа Наявний 7-й, буд. 24 кв. 270",010 264 83 01,rchumachenko@example.net
Гаврилець,Тереза,Михайлівна,Ж,1998-12-09,Працівник складу,місто Балта,"парк Херсонський сквер, буд. 919 кв. 14",003 132-66-29,ievalytvyn@example.org
Симоненко,Юстина,Павлівна,Ж,1974-08-23,Працівник складу,селище Заліщики,"набережна Мирна, буд. 50",+380 70 394 28 97,iaremaoles@example.org
Арсенич,Стефан,Володимирович,Ч,1942-10-12,Технік,хутір Хрестівка,"провулок Семафорний, буд. 051 кв. 8",020 980 01 85,rverkhola@example.net
Франко,Богуслава,Петрівна,Ж,1995-12-18,Лаборант,місто Дубно,"вулиця Любомира Гузара, буд. 71 кв. 12",090 963 93 27,zhalilovasylyna@example.net
Євтушенко,Юстина,Петрівна,Ж,1947-12-21,Маркетолог,місто Ялта,"шосе Шоста, буд. 8",+380 14 191-95-87,fedir48@example.com
Дробаха,Світлана,Олексіївна,Ж,1983-08-01,Секретар,село Тараща,"проспект Малинова, буд. 14",962-79-54,dankevychmyroslav@example.com
Яковенко,Златослава,Борисівна,Ж,1962-04-21,Секретар,хутір Мостиська,"шосе Стеценко, буд. 6 кв. 240",+380 35 146-12-37,iakiv61@example.net
Бездітко,Світлана,Павлівна,Ж,1980-07-08,HR,місто Івано-Франківськ,"площа Морська, буд. 949 кв. 226",007-05-87,zorian37@example.net
Оліфіренко,Віктор,Михайлович,Ч,1959-07-08,Технік,місто Старобільськ,"сквер Лінія 45-та, буд. 744",041 998 18 97,vasylvoblyi@example.org
Абрамчук,Климент,Павлович,Ч,1952-03-26,Технік,хутір Таврійськ,"набережна Ясна, буд. 586",081 731-17-49,alevtyn59@example.net
Яковенко,Соломія,Степанівна,Ж,1975-11-24,ІТ-спеціаліст,село Тараща,"провулок Проточний, буд. 717 кв. 68",161 46 01,boryslav67@example.com
Перепелиця,Роман,Євгенович,Ч,1996-12-28,Аналітик,хутір Таврійськ,"сквер Житомирська, буд. 66",+380 (70) 382-17-63,svystuniustyna@example.com
Овсієнко,Еріка,Михайлівна,Ж,1977-01-05,Працівник складу,хутір Новояворівськ,"сквер Євгена Крамаренка, буд. 00 кв. 62",038 641 80 62,torlyk@example.org
Демʼянюк,Марта,Павлівна,Ж,1964-05-15,Секретар,хутір Сновськ,"вулиця Травневий 1-й, буд. 540 кв. 12",+380 (74) 706-04-05,okhrimsahal@example.org
Євдокименко,Болеслав,Володимирович,Ч,2000-09-24,Бухгалтер,селище Заліщики,"набережна Гімназична, буд. 57",+380 06 986 38 28,poltavetsdaryna@example.com
Влох,Віталій,Олексійович,Ч,1950-12-14,Інженер,хутір Сновськ,"шосе Липнева, буд. 68",026 219-14-25,xiashchuk@example.net
Джунь,Вадим,Миколайович,Ч,1984-01-11,Менеджер,місто Старобільськ,"площа Князівська, буд. 8 кв. 39",042 207-52-93,arkadii67@example.com
Ребрик,Аніта,Тарасівна,Ж,1968-08-04,Секретар,село Болехів,"парк Церковна, буд. 544 кв. 5",+380 16 351-53-15,arsen95@example.net
Лемешко,Аліна,Юріївна,Ж,1939-12-11,Оператор,хутір Жашків,"вулиця 1-й Академічний тупик, буд. 271",051 826-27-91,svitlana72@example.com
Канівець,Данна,Романівна,Ж,1994-08-31,HR,хутір Підгородне,"набережна Флотська, буд. 22",041 093-09-30,mskyba@example.net
Верхола,Іван,Романович,Ч,2002-04-16,Бухгалтер,село Болехів,"узвіз Матроський узвіз, буд. 619",050 673-20-84,zshevchenko@example.org
Христич,Андрій,Григорович,Ч,1968-02-10,Керівник відділу,місто Івано-Франківськ,"площа Петра Калнишевського, буд. 858",983-70-12,rkolodub@example.com
Шахрай,Ярина,Володимирівна,Ж,2004-08-28,Оператор,село Тараща,"вулиця Матроська Слободка , буд. 8",068 345 98 34,veniiamynvakhnii@example.org
Гаврюшенко,Мілена,Тарасівна,Ж,1996-06-11,Секретар,хутір Жашків,"провулок Нескучна, буд. 84",830-57-03,czhalilo@example.net
Олійник,Олександр,Анатолійович,Ч,1977-07-12,Працівник складу,місто Старобільськ,"шосе Сирітський 2-й, буд. 7 кв. 3",049 401 60 38,martyn93@example.com
Токар,Галина,Миколаївна,Ж,1989-04-07,Оператор,місто Балта,"сквер Радіо, буд. 60",453-37-87,xvanchenko@example.net
Їжакевич,Емілія,Олександрівна,Ж,1951-06-13,Інженер,хутір Новояворівськ,"проспект Одарія, буд. 324 кв. 489",+380 15 686-77-31,valentynaeibozhenko@example.com
Гаврюшенко,Світлана,Анатоліївна,Ж,1947-10-11,Секретар,місто Дубно,"набережна Надіїі, буд. 43",+380 95 968 81 90,amaliialesyk@example.com
Атрощенко,Олег,Сергійович,Ч,1954-06-01,Оператор,хутір Новояворівськ,"провулок Морехідний, буд. 0",052 249-13-06,davyd29@example.org
Вдовиченко,Михайлина,Олексіївна,Ж,1963-11-19,ІТ-спеціаліст,місто Ялта,"набережна Лінія 50-та, буд. 734",932-58-33,uzinchuk@example.net
Рябець,Людмила,Олександрівна,Ж,1985-01-24,HR,село Болехів,"шосе Ланжеронівська, буд. 86",+380 (15) 524-49-72,ysliusar@example.com
Стець,Валентина,Євгенівна,Ж,1939-09-08,Оператор,хутір Новояворівськ,"шосе Дігтярна, буд. 46",+380 43 529-38-16,makarvyshyvana@example.net
Короленко,Клавдія,Григорівна,Ж,1986-03-30,Лаборант,хутір Новояворівськ,"узвіз Острозька, буд. 740",930-51-22,ivanlutsenko@example.net
Абраменко,Алевтин,Іванович,Ч,1986-10-25,Секретар,місто Івано-Франківськ,"сквер Проектна 2-га, буд. 083",015 620-89-64,amvrosii75@example.com
Базилевський,Йосип,Анатолійович,Ч,1952-04-03,Аналітик,хутір Підгородне,"узвіз Йоганна Ансельма, буд. 6 кв. 8",+380 49 006-27-36,oriabets@example.net
Зінченко,Анжела,Степанівна,Ж,1997-06-05,Бухгалтер,хутір Рені,"сквер Паркова, буд. 903",996-18-60,klymentsachenko@example.com
Фартушняк,Надія,Борисівна,Ж,1988-01-18,Менеджер,хутір Підгородне,"сквер Листяна, буд. 9",355 06 94,pvenhrynovych@example.net
Яременко,Вадим,Романович,Ч,1990-07-07,Інженер,село Привілля,"шосе Соляний 3-й, буд. 0",633-71-06,dannavasylevych@example.net
Хоменко,Прохір,Андрійович,Ч,1976-05-06,Бухгалтер,хутір Таврійськ,"сквер Докова, буд. 451",817 08 65,zarubaiakiv@example.com
Даньків,Анжела,Олексіївна,Ж,2003-01-04,Бухгалтер,село Привілля,"парк Вітчизняна, буд. 70 кв. 4",911 66 81,jzasukha@example.net
Твердохліб,Валентин,Михайлович,Ч,1996-08-19,Програміст,хутір Рені,"парк Хлібна гавань, буд. 986 кв. 77",039 832-04-07,lpavlyk@example.org
Вахній,Григорій,Григорович,Ч,1973-09-21,Секретар,хутір Збараж,"провулок Богдана Хмельницького, буд. 8 кв. 2",062 364 52 83,vdemianenko@example.org
Ящук,Семен,Миколайович,Ч,1988-11-13,Аналітик,хутір Таврійськ,"провулок Уральський, буд. 01",090 690-80-29,bashpolchenkofedir@example.net
Редько,Прохір,Романович,Ч,1946-01-17,Програміст,село Болехів,"узвіз Надіїі, буд. 9",+380 84 184 04 80,bohdan15@example.com
Палій,Вікторія,Тарасівна,Ж,1942-01-13,Програміст,місто Івано-Франківськ,"проспект Аеродромний 2-й, буд. 8 кв. 55",047 413-66-72,bfesenko@example.org
Андрієнко,Костянтин,Іванович,Ч,1939-11-15,HR,хутір Світлодарськ,"шосе Морський, буд. 33",002 755 14 35,azar46@example.com
Михайличенко,Геннадій,Володимирович,Ч,1962-12-12,Лаборант,селище Дніпрорудне,"набережна 17-та Лінія 6-й ст. Люстдорфської дороги, буд. 62 кв. 9",+380 96 038-23-13,stetsiaroslava@example.net
Ващук,Владислав,Васильович,Ч,1991-05-18,Менеджер,місто Старобільськ,"узвіз Гаванна, буд. 079 кв. 0",103-51-69,okseniiadavydenko@example.com
Пустовіт,Григорій,Степанович,Ч,2007-02-18,Програміст,хутір Збараж,"проспект Ольги Благовидової, буд. 533 кв. 6",054 598 95 08,eibozhenkoustym@example.com
Безбородько,Пріска,Олексіївна,Ж,1975-06-20,Програміст,хутір Підгородне,"проспект Рівності, буд. 68",+380 22 819-23-46,gartiukh@example.net
Гоголь,Розалія,Романівна,Ж,2000-09-01,Працівник складу,хутір Жашків,"парк Андросовський, буд. 86 кв. 9",498 21 13,frants54@example.org
Перебийніс,Герман,Тарасович,Ч,1962-12-24,Керівник відділу,місто Ялта,"провулок Шоста, буд. 58",050 012-77-81,kholoborodko@example.net
Данчук,Данна,Євгенівна,Ж,1988-11-09,Адміністратор,хутір Підгородне,"вулиця Уманська, буд. 739 кв. 332",+380 (29) 225-05-07,cievtushok@example.net
Тесля,Панас,Михайлович,Ч,1945-07-04,Лаборант,село Тараща,"сквер Херсонський сквер, буд. 00",239-48-19,zorian09@example.org
Мірошниченко,Леон,Степанович,Ч,1950-10-21,Адміністратор,місто Балта,"набережна Скидановський узвіз, буд. 5 кв. 3",059 759-09-14,adamiushchenko@example.net
Яценко,Онисим,Євгенович,Ч,1969-05-05,Працівник складу,місто Балта,"проспект Слави, буд. 0 кв. 82",+380 98 586-77-56,revaboryslav@example.org
Шамрай,Симон,Юрійович,Ч,1979-12-19,Інженер,місто Ялта,"площа Аеропортівський 5-й, буд. 990 кв. 539",+380 (60) 069-49-51,demianenkozakhar@example.com
Цимбалюк,Ігнат,Олександрович,Ч,1960-09-03,Бухгалтер,хутір Жашків,"провулок Родоканакі, буд. 730",032 199 90 13,dandriienko@example.com
Бабич,Ярема,Сергійович,Ч,1989-12-23,Програміст,селище Заліщики,"площа Пантелеймонівська, буд. 1 кв. 3",002 677-52-36,korolenkooryna@example.com
Дубас,Розалія,Андріївна,Ж,1986-09-19,Працівник складу,місто Івано-Франківськ,"шосе Шкіперська, буд. 034 кв. 50",036 559-77-18,korsunievhen@example.com
Самойленко,Антон,Юрійович,Ч,1950-06-28,Програміст,хутір Збараж,"площа Аптекарський, буд. 14 кв. 265",417 72 39,barabashamvrosii@example.org
Дейсун,Ірина,Романівна,Ж,2001-11-01,Бухгалтер,хутір Рені,"сквер Ромський, буд. 695",+380 (74) 853-28-48,chmilalbina@example.com
Хомик,Ігор,Сергійович,Ч,1951-09-26,Секретар,хутір Таврійськ,"вулиця Ольги Благовидової, буд. 06",092 281 68 38,szasenko@example.net
Рева,Оксенія,Іванівна,Ж,2004-12-16,Працівник складу,хутір Новояворівськ,"проспект Іспанська, буд. 959 кв. 044",+380 23 704-11-01,flevchenko@example.com
Ляшко,Олег,Анатолійович,Ч,1999-03-23,Менеджер,хутір Мостиська,"вулиця Нова, буд. 0",+380 70 283-32-32,kozakmariana@example.org
Олійник,Ростислав,Михайлович,Ч,1949-08-03,Аналітик,місто Старобільськ,"узвіз Лінія 49-та, буд. 5 кв. 85",572-10-07,sirchenkosemen@example.net
Заєць,Оксана,Борисівна,Ж,1944-08-27,ІТ-спеціаліст,місто Івано-Франківськ,"проспект Рєпіна, буд. 07",008 046-15-59,mhres@example.net
Корж,Георгій,Романович,Ч,1950-07-05,Адміністратор,хутір Жашків,"вулиця Горбиста, буд. 09",+380 (18) 082-71-08,mazepaklyment@example.org
Акуленко,Амалія,Романівна,Ж,1970-01-06,Лаборант,хутір Підгородне,"сквер Ватманський, буд. 55",033 132 41 13,boryslavtychyna@example.com
Яценко,Розалія,Григорівна,Ж,1964-09-20,Лаборант,місто Ялта,"провулок Томатна, буд. 6",588 20 80,avhustyn89@example.com
Петрик,Хома,Павлович,Ч,1982-02-24,Програміст,хутір Світлодарськ,"набережна Лютеранський, буд. 588",+380 29 447-85-89,dzubko@example.org
Гузенко,Устим,Сергійович,Ч,1984-02-21,HR,хутір Світлодарськ,"сквер Фонтанська дорога, буд. 55 кв. 128",+380 86 384 65 42,ivasiukkhrystyna@example.org
Кармалюк,Йосип,Андрійович,Ч,2001-04-13,Оператор,місто Дубно,"узвіз Любомира Гузара, буд. 5 кв. 12",+380 81 759 15 11,anastasiiaiushchenko@example.com
Венгринович,Надія,Ігорівна,Ж,1993-10-23,Маркетолог,село Болехів,"вулиця 2-га Лінія Марії Демченко, буд. 54",052 130-25-64,danfilipenko@example.com
Бабійчук,Ростислав,Михайлович,Ч,1971-06-07,Секретар,хутір Збараж,"провулок Калинова, буд. 29",+380 95 258-99-43,demydbashtan@example.org
Конопля,Галина,Євгенівна,Ж,1993-06-23,Інженер,хутір Таврійськ,"сквер Острозька, буд. 72",+380 (32) 852-14-55,artymyshynoleh@example.net
Цибуленко,Борислав,Степанович,Ч,1952-05-06,Секретар,місто Ялта,"вулиця Пересипський 1-й, буд. 691 кв. 0",003-53-70,chalenkonazar@example.org
Рябовіл,Микита,Миколайович,Ч,1948-02-04,HR,селище Дніпрорудне,"площа Матроська Слободка , буд. 329",528 77 08,agerega@example.com
Ґереґа,Давид,Юрійович,Ч,1960-01-23,Лаборант,хутір Жашків,"узвіз Отонівський, буд. 1 кв. 7",+380 21 608-70-92,mykyta40@example.com
Голобородько,Лесь,Олексійович,Ч,1983-07-21,Працівник складу,село Болехів,"вулиця Прокатна, буд. 603",688 09 40,iurchyshynviktoriia@example.net
Лемешко,Олесь,Андрійович,Ч,1972-06-08,Аналітик,село Привілля,"узвіз Яна Длугоша, буд. 9 кв. 637",289-40-16,verkholaanastasiia@example.net
Москаль,Леонід,Олександрович,Ч,2002-04-05,Маркетолог,місто Балта,"парк Кедровий, буд. 0",871 25 78,terezashcherbak@example.net
Андрієвич,Зорян,Іванович,Ч,2002-05-22,Технік,хутір Жашків,"парк Дача Ковалевського, буд. 480 кв. 3",611 41 43,olenaivanchenko@example.org
Жарко,Орися,Юріївна,Ж,1971-12-01,Аналітик,хутір Хрестівка,"шосе Сергія Уточкіна, буд. 7 кв. 618",797 46 77,glahoda@example.com
Кальченко,Мілена,Борисівна,Ж,1993-01-17,Бухгалтер,місто Балта,"набережна Дачний 1-й, буд. 60",689 50 08,tkachenkoviktoriia@example.org
Гавриленко,Орися,Петрівна,Ж,1995-04-12,Менеджер,місто Старобільськ,"набережна Персикова, буд. 936 кв. 76",+380 (09) 881-26-82,iefrem72@example.com
Чекалюк,Пармен,Олексійович,Ч,1958-11-30,HR,селище Дніпрорудне,"провулок Східний, буд. 704",814-72-64,mykhailo54@example.org
Кабаненко,Ірена,Євгенівна,Ж,2006-12-25,Аналітик,селище Дніпрорудне,"провулок Керченський 2-й, буд. 3",289-78-18,zakharpryimak@example.com
Василечко,Едита,Романівна,Ж,1962-05-27,Оператор,село Болехів,"вулиця Лїнія 1-ша, буд. 225 кв. 9",625-93-37,marko98@example.net
Гречко,Пантелеймон,Олександрович,Ч,1954-09-30,Програміст,місто Дубно,"площа Городня, буд. 193 кв. 26",001 008 09 77,iakymchukmakar@example.com
Чубай,Герман,Володимирович,Ч,2005-08-17,Інженер,хутір Хрестівка,"парк Висока, буд. 4 кв. 663",082 143-15-42,panteleimonzabashta@example.org
Заїка,Роман,Андрійович,Ч,1973-05-05,HR,місто Старобільськ,"площа Ланжеронівська, буд. 1",596-35-91,vtsisyk@example.net
Джунь,Григорій,Степанович,Ч,1959-11-05,Технік,хутір Рені,"шосе Бодаревського, буд. 2",033-64-21,hbabychenko@example.org
Теліженко,Олег,Петрович,Ч,1975-12-02,HR,хутір Збараж,"площа Горбатий міст, буд. 35",045 650-73-17,semenkolisnychenko@example.org
Дутка,Давид,Андрійович,Ч,1953-07-17,Маркетолог,село Привілля,"парк Перлинна, буд. 07",+380 75 076-99-77,bohodar87@example.org
Литвиненко,Валентина,Андріївна,Ж,1983-09-25,Працівник складу,село Привілля,"провулок Палубний, буд. 4 кв. 8",+380 60 399-70-44,boryslav60@example.net
Твердохліб,Амалія,Павлівна,Ж,1955-09-06,Бухгалтер,село Тараща,"площа Морський, буд. 47 кв. 844",066 783 36 97,frankosemen@example.org
Симоненко,Аарон,Юрійович,Ч,2005-12-05,Секретар,хутір Рені,"узвіз Дукова, буд. 0",+380 30 250 84 33,ebabii@example.net
Алексійчук,Валерій,Степанович,Ч,1942-08-25,Оператор,хутір Таврійськ,"провулок 19-й км Старокиївської дороги, буд. 098",025 226-90-09,hanna03@example.org
Шило,Святослав,Михайлович,Ч,1953-11-10,ІТ-спеціаліст,місто Ялта,"парк Басейна, буд. 4 кв. 064",025 194-43-98,artemenkomykyta@example.org
Царенко,Ярослав,Ігорович,Ч,1980-02-03,Інженер,хутір Мостиська,"шосе Мирослава Скорика, буд. 56",+380 15 174 70 05,asimashkevych@example.org
Вишняк,Віра,Олексіївна,Ж,1943-10-27,HR,хутір Мостиська,"набережна Інглезі, буд. 4 кв. 511",+380 42 389-27-06,bfranko@example.org
Кальченко,Демид,Романович,Ч,1946-04-03,Працівник складу,село Привілля,"проспект Преображенська, буд. 7 кв. 60",045 312 95 68,viktoriia55@example.com
Зубко,Борис,Юрійович,Ч,1995-12-19,Адміністратор,хутір Новояворівськ,"сквер Задніпровського, буд. 1",000 178 91 25,zynoviishvedchenko@example.com
Хоменко,Богуслава,Євгенівна,Ж,1969-08-06,Оператор,хутір Таврійськ,"вулиця Хотинський, буд. 562",+380 29 365-38-81,fedir39@example.net
Нестайко,Роксолана,Борисівна,Ж,1980-10-22,Інженер,селище Дніпрорудне,"вулиця Госпітальний, буд. 7 кв. 306",+380 78 633-10-27,anitababarychenko@example.com
Абрамчук,Богодар,Ігорович,Ч,1990-10-24,Лаборант,хутір Сновськ,"набережна Місячний, буд. 3",+380 (46) 483-66-00,romanolifirenko@example.com
Охріменко,Руслан,Олександрович,Ч,1991-06-25,Маркетолог,місто Старобільськ,"парк Молокова, буд. 2 кв. 655",+380 86 051-50-39,zakhar89@example.net
Валенко,Ярема,Євгенович,Ч,1943-11-29,HR,селище Заліщики,"шосе Дачний 2-й, буд. 55 кв. 2",095 778 31 50,cchekaliuk@example.com
Балабан,Оксенія,Павлівна,Ж,1975-03-30,Працівник складу,село Привілля,"шосе Мирослава Скорика, буд. 10",893-30-97,eduard31@example.org
Кальченко,Марта,Іванівна,Ж,1989-08-23,Маркетолог,село Болехів,"набережна Батуринська, буд. 76 кв. 08",+380 17 329-99-38,kamilla97@example.com
Батуринець,Охрім,Петрович,Ч,1989-06-24,Програміст,місто Дубно,"шосе Цебриківська, буд. 22",064 663 26 28,leonid32@example.com
Перепелиця,Панас,Миколайович,Ч,1967-10-16,Керівник відділу,село Тараща,"набережна Юхима Фесенка, буд. 1",+380 02 660-19-02,smatiash@example.org
Чаленко,Вадим,Борисович,Ч,1941-02-03,Аналітик,село Тараща,"площа Тетяни Тесс, буд. 86",+380 99 428 20 28,zlatoslavaandriiovych@example.net
Ващенко,Гаврило,Юрійович,Ч,1944-08-27,Оператор,хутір Рені,"вулиця Місячний, буд. 89",035 232 97 32,arsenandriiovych@example.com
Ярош,Спас,Борисович,Ч,1978-01-12,Керівник відділу,село Привілля,"парк Павла Зеленого, буд. 210 кв. 0",+380 70 149-55-33,ivan25@example.com
Іващенко,Михайлина,Борисівна,Ж,1938-04-22,ІТ-спеціаліст,хутір Підгородне,"набережна Заводська 2-га, буд. 6",+380 39 076 65 57,malykleopold@example.net
Онуфрієнко,Богуслава,Степанівна,Ж,1970-05-17,Бухгалтер,місто Ялта,"сквер Наявний 4-й, буд. 62",+380 39 140-60-70,itovstukha@example.net
Чумак,Стефан,Юрійович,Ч,1951-04-19,Маркетолог,село Болехів,"вулиця Східчастий, буд. 332 кв. 534",+380 06 407-06-01,snizhanaiashchenko@example.org
Забашта,Ілля,Романович,Ч,1966-06-17,HR,село Привілля,"провулок Бахчева, буд. 3 кв. 99",+380 51 331-29-45,teodor46@example.com
Чуприна,Опанас,Анатолійович,Ч,1970-04-20,Керівник відділу,місто Балта,"парк Західний 2-й, буд. 408",+380 35 945-35-58,stanislav16@example.org
Тимчук,Прохір,Михайлович,Ч,1971-01-22,Інженер,хутір Рені,"площа Лінія 31-ша, буд. 70",428-61-48,omeliandankevych@example.com
Коваленко,Тереза,Григорівна,Ж,2008-11-29,Адміністратор,хутір Новояворівськ,"проспект Західний 4-й, буд. 6",+380 99 804-78-50,adaabrahamovskyi@example.org
Макаренко,Азар,Борисович,Ч,1963-06-20,Маркетолог,селище Заліщики,"набережна Ференца Ліста, буд. 656 кв. 66",728 32 16,iosyp26@example.net
Уманець,Пріска,Сергіївна,Ж,1944-09-20,Лаборант,хутір Підгородне,"провулок Самодіяльна, буд. 234 кв. 311",096 705-31-61,zynovii73@example.com
Дубенко,Прохір,Євгенович,Ч,1975-02-15,Технік,місто Ялта,"проспект Грузинська, буд. 10",484 14 37,amvrosiipetliura@example.org
Євдокименко,Тарас,Ігорович,Ч,1987-06-02,Лаборант,місто Балта,"парк Пантелеймонівська, буд. 364 кв. 91",+380 (61) 155-56-77,nadiiakhudobiak@example.org
Усик,Спас,Григорович,Ч,1956-11-22,Технік,місто Балта,"вулиця Спаський, буд. 275",+380 41 398-24-31,varvara65@example.net
Затовканюк,Микита,Тарасович,Ч,1942-03-24,Лаборант,село Привілля,"шосе Рятувальників, буд. 353",+380 28 264-00-06,arkadii87@example.net
Савенко,Пармен,Ігорович,Ч,2008-08-22,HR,хутір Жашків,"шосе Бахмутська, буд. 665 кв. 71",251-50-06,iefrem26@example.org
Євтушенко,Марія,Борисівна,Ж,1944-09-27,Програміст,хутір Сновськ,"площа Заводська 1-ша, буд. 64",+380 67 974 07 77,yiaremenko@example.net
Євдокименко,Ірена,Степанівна,Ж,1964-07-23,HR,село Привілля,"сквер Дальній, буд. 9 кв. 85",315-07-15,ievdokymenkovalentyna@example.com
Теличенко,Камілла,Олександрівна,Ж,1941-03-01,Оператор,село Тараща,"узвіз Вознесенський, буд. 5",043 869-00-44,fishchak@example.net
Батіг,Едуард,Петрович,Ч,1940-07-29,Керівник відділу,селище Дніпрорудне,"вулиця Лузанівка, буд. 58",+380 36 629-51-87,iaroslav53@example.com
Калениченко,Ігнат,Васильович,Ч,1987-12-21,Інженер,хутір Мостиська,"парк Мала Арнаутська, буд. 82",025 012-32-88,korsunherman@example.org
Чередник,Демʼян,Олексійович,Ч,1976-02-03,Менеджер,хутір Жашків,"набережна Бардаха, буд. 26 кв. 9",018 442 95 19,gdrozdenko@example.net
Стець,Августин,Григорович,Ч,1948-04-18,Маркетолог,місто Ялта,"парк Назарівська, буд. 0 кв. 081",+380 06 828-99-42,bazavluchenkoielysaveta@example.org
Рак,Василь,Юрійович,Ч,1983-06-02,Технік,місто Балта,"узвіз Альпіністів, буд. 419",030 032 69 32,aleksiichukiarema@example.com
Михайлюк,Азар,Володимирович,Ч,1955-08-12,Секретар,хутір Таврійськ,"проспект Пересипська 8-ма, буд. 595 кв. 763",+380 77 703-53-15,wveres@example.net
Артеменко,Єлисавета,Павлівна,Ж,1978-12-03,Керівник відділу,селище Заліщики,"парк Валерія Лобановського, буд. 2",895-74-84,viktoriia86@example.org
Черінько,Кирило,Павлович,Ч,1957-09-19,ІТ-спеціаліст,місто Дубно,"проспект Косовська, буд. 596 кв. 39",725 89 28,stelmakhalina@example.net
Ґерус,Розалія,Іванівна,Ж,1981-11-06,Інженер,хутір Підгородне,"шосе Рибальський, буд. 3",055 888 82 23,eduardbezditko@example.org
Сірченко,Оксенія,Євгенівна,Ж,1987-07-09,Інженер,місто Дубно,"сквер Лінія 43-тя, буд. 052 кв. 3",+380 (87) 281-19-10,friabets@example.net
Луценко,Арсен,Григорович,Ч,2006-08-10,ІТ-спеціаліст,хутір Рені,"сквер Костанді 2-й, буд. 5",+380 77 977 94 15,bohuslav79@example.net
Лукаш,Федір,Олексійович,Ч,1953-07-20,Інженер,село Привілля,"сквер Лінія 45-та, буд. 4 кв. 4",222-96-13,tprokopovych@example.com
Ісаєвич,Наталія,Андріївна,Ж,1956-10-15,Оператор,хутір Світлодарськ,"сквер Ігоря Ветрогонова, буд. 653",136-10-95,sviatoslav12@example.net
Цибуленко,Едита,Григорівна,Ж,1982-01-02,Програміст,село Тараща,"парк Західний 4-й, буд. 274",+380 36 001 20 35,viktor67@example.org
Корпанюк,Станіслав,Степанович,Ч,1973-03-02,Аналітик,хутір Рені,"проспект Старицького, буд. 38",+380 72 440-57-09,levkoviter@example.net
Ващенко-Захарченко,Опанас,Андрійович,Ч,1991-04-27,Менеджер,хутір Жашків,"провулок Польська, буд. 81 кв. 1",090 528 20 32,hlibnikoliuk@example.org
Мазур,Максим,Михайлович,Ч,1964-08-22,ІТ-спеціаліст,хутір Мостиська,"площа Соціальна, буд. 89",+380 (39) 269-92-26,jzarudnyi@example.net
Гузій,Богдан,Анатолійович,Ч,1993-01-20,Оператор,село Тараща,"шосе Долинська, буд. 273",+380 15 072 72 88,hmalyk@example.org
Таран,Валентин,Іванович,Ч,1981-09-21,Інженер,село Болехів,"проспект Тупиковий 2-й, буд. 40",771-62-63,avdieienkomaksym@example.net
Штокало,Алла,Юріївна,Ж,1997-08-14,Маркетолог,селище Дніпрорудне,"площа Шептицького, буд. 94",083 456 90 61,avernydub@example.com
Твердохліб,Богодар,Юрійович,Ч,1968-10-29,Керівник відділу,хутір Рені,"набережна Майстерний, буд. 392 кв. 066",282-47-96,venedyktzubko@example.net
Засуха,Климент,Анатолійович,Ч,1955-07-10,Лаборант,село Привілля,"проспект Володимира Терещенка, буд. 2",+380 73 613 62 70,vysochansnizhana@example.org
Свириденко,Галина,Тарасівна,Ж,1992-07-17,Маркетолог,місто Старобільськ,"сквер Ромашкова, буд. 5",+380 (96) 436-00-54,siatsenko@example.org
Голобородько,Дан,Олексійович,Ч,1980-11-06,Маркетолог,хутір Мостиська,"вулиця Бісквітний, буд. 2",+380 56 071 74 36,trokhymchervonenko@example.net
Лукаш,Розалія,Володимирівна,Ж,1992-02-29,Оператор,хутір Підгородне,"парк Топольського, буд. 53",140-93-63,antonhunko@example.com
Їжакевич,Ганна,Євгенівна,Ж,1998-08-13,HR,село Привілля,"шосе Чорноморський 6-й, буд. 2",+380 20 033 38 07,teodorshamrai@example.net
Їжак,Галина,Ігорівна,Ж,1988-07-20,Секретар,хутір Новояворівськ,"шосе Сєрогодського, буд. 60",+380 03 796-37-42,priska41@example.org
Дейнека,Симон,Михайлович,Ч,1986-06-03,Адміністратор,місто Балта,"шосе Морехідна, буд. 991 кв. 2",+380 50 436-17-02,ovcharenkoherman@example.com
Пушкар,Ярослав,Ігорович,Ч,1939-04-26,Маркетолог,хутір Таврійськ,"провулок Соляний 4-й, буд. 5",091 541-02-10,artemvlasenko@example.org
Алексеєнко,Марко,Володимирович,Ч,1979-01-18,ІТ-спеціаліст,село Тараща,"парк Аграрна, буд. 01",010 057 97 47,adamchukokseniia@example.net
Затовканюк,Симон,Григорович,Ч,1983-07-29,Оператор,хутір Жашків,"площа Лиманна, буд. 670",+380 97 736-22-21,iefrem70@example.org
Шиян,Надія,Тарасівна,Ж,1968-02-09,Лаборант,місто Ялта,"шосе Листяна, буд. 323",+380 35 267-26-55,makar35@example.org
Захаренко,Захар,Романович,Ч,1977-03-28,Інженер,село Болехів,"провулок Любомира Гузара, буд. 8",+380 93 373-44-75,prokhirholyk@example.org
Артеменко,Онисим,Павлович,Ч,2008-05-31,ІТ-спеціаліст,місто Дубно,"сквер Ольвійська, буд. 522 кв. 911",123 50 35,xpetrenko@example.net
Скиба,Гаврило,Євгенович,Ч,2005-05-31,Програміст,хутір Таврійськ,"вулиця Садова 3-тя, буд. 579 кв. 15",574 16 47,jfomenko@example.org
Ковалюк,Симон,Ігорович,Ч,1971-12-24,Інженер,хутір Сновськ,"сквер Килимова, буд. 502",193 07 57,mradchenko@example.com
Батюк,Лариса,Степанівна,Ж,1965-09-15,Маркетолог,хутір Таврійськ,"набережна 7-ма Лінія 6-й ст. Люстдорфської дороги, буд. 0 кв. 739",+380 59 512-44-81,egereta@example.net
Романенко,Дан,Андрійович,Ч,2002-04-16,Технік,хутір Сновськ,"вулиця Красива, буд. 08 кв. 932",897 45 11,taras76@example.com
Івасюк,Амалія,Миколаївна,Ж,1998-03-30,HR,хутір Рені,"вулиця Ігоря Ветрогонова, буд. 6 кв. 4",+380 65 677 61 94,fvdovenko@example.org
Приймак,Борислав,Олександрович,Ч,2008-01-27,Лаборант,хутір Світлодарськ,"набережна Волокидіна, буд. 862",+380 21 680-36-92,fesenkoartem@example.org
Демʼяненко,Святослава,Анатоліївна,Ж,1992-06-30,Керівник відділу,місто Івано-Франківськ,"провулок Сергія Коновалова, буд. 072",+380 43 949 94 70,onysym17@example.com
Височан,Леон,Іванович,Ч,1995-10-13,Лаборант,хутір Підгородне,"парк Преображенська, буд. 05 кв. 2",146 65 48,viacheslav63@example.net
Чміль,Аркадій,Олексійович,Ч,2005-04-09,Маркетолог,село Тараща,"провулок Слобідський узвіз, буд. 853",+380 12 757-36-04,aaron52@example.com
Вахній,Сніжана,Ігорівна,Ж,1964-05-09,Працівник складу,селище Дніпрорудне,"проспект Михайла Врубеля, буд. 744",+380 33 346 00 81,semen53@example.net
Швачко,Ганна,Олексіївна,Ж,1979-05-26,Секретар,хутір Рені,"площа Усатівська, буд. 856",+380 58 404-47-69,jbevzenko@example.net
Василашко,Любов,Андріївна,Ж,1974-07-30,Бухгалтер,селище Заліщики,"проспект Аркаса Миколи, буд. 635",+380 46 418 83 28,baronets@example.com
Дубас,Амалія,Петрівна,Ж,1993-05-27,Бухгалтер,місто Івано-Франківськ,"узвіз Глухівський, буд. 6",+380 37 815 62 98,viktor51@example.org
Карась,Альберт,Григорович,Ч,2001-12-24,Працівник складу,хутір Новояворівськ,"набережна Халайджогло, буд. 592",+380 64 072 57 87,vperebyinis@example.com
Хорішко,Одарка,Андріївна,Ж,1993-10-16,Менеджер,хутір Світлодарськ,"вулиця Слави, буд. 525",+380 60 510 53 30,vvdovenko@example.net
Овсієнко,Прохір,Павлович,Ч,1938-02-17,Лаборант,хутір Світлодарськ,"провулок Академічний, буд. 3",+380 (95) 579-50-01,shchorsklavdiia@example.org
Гаврилишин,Данна,Володимирівна,Ж,1982-09-02,Менеджер,місто Ялта,"набережна 15-та Лінія 6-й ст. Люстдорфської дороги, буд. 59",088 337-79-76,havrylyshynnazar@example.org
Семенченко,Гордій,Іванович,Ч,1971-04-07,Працівник складу,місто Старобільськ,"проспект Гетьмана Сагайдачного, буд. 99",+380 14 836-29-62,semenandrusenko@example.com
Ґерета,Іван,Степанович,Ч,1984-01-16,Оператор,хутір Сновськ,"набережна Раїси Сергієнко, буд. 37 кв. 2",+380 94 955-38-96,bebeshkokostiantyn@example.net
Нестеренко,Ліза,Михайлівна,Ж,1948-01-03,Маркетолог,хутір Світлодарськ,"проспект Складська, буд. 3 кв. 283",041 143-39-53,priskanikoliuk@example.com
Гриценко,Костянтин,Борисович,Ч,1997-06-14,Адміністратор,селище Дніпрорудне,"площа Друга, буд. 72",+380 00 382-39-29,lverhun@example.com
Швачка,Костянтин,Іванович,Ч,1965-11-16,Секретар,хутір Рені,"набережна Бєлякова, буд. 10",+380 82 547-74-17,parmen83@example.com
Христич,Валентина,Тарасівна,Ж,1948-04-25,Програміст,місто Івано-Франківськ,"площа Заможна, буд. 13 кв. 346",+380 00 751-53-81,zakharchenkoandrii@example.com
Гайдамака,Юстим,Михайлович,Ч,2005-02-05,Аналітик,місто Балта,"вулиця Лютневий 2-й, буд. 5",+380 50 708 80 61,rmykhailiuk@example.net
Жаліло,Соломон,Анатолійович,Ч,1971-06-10,Секретар,місто Івано-Франківськ,"сквер Озерна, буд. 2 кв. 63",+380 (79) 968-76-21,tsushkoviacheslav@example.org
Кабалюк,Леон,Петрович,Ч,1947-03-13,Маркетолог,село Привілля,"площа Студентський, буд. 790",+380 (75) 994-23-97,iakiviermolenko@example.org
Рябовіл,Богодар,Олексійович,Ч,1983-11-16,Менеджер,місто Ялта,"вулиця Бузковий, буд. 681",099 636-16-57,jruban@example.com
Скорик,Василина,Ігорівна,Ж,1942-05-03,ІТ-спеціаліст,хутір Рені,"вулиця Селекційний, буд. 600 кв. 07",+380 (50) 997-74-67,erikademianiuk@example.org
Данильчук,Богуслав,Андрійович,Ч,1938-04-14,Аналітик,хутір Таврійськ,"сквер Петра Калнишевського, буд. 3",+380 94 357-38-31,bazylevychteodor@example.net
Прокопович,Тимофій,Анатолійович,Ч,2003-08-25,Лаборант,місто Дубно,"площа Андрія Гулого-Гуленка, буд. 43 кв. 1",582-19-79,irena41@example.net
Верхола,Златослава,Сергіївна,Ж,1942-12-08,Інженер,хутір Таврійськ,"проспект Грецький, буд. 4 кв. 2",037 750 95 60,leon57@example.org
Івасюк,Леонтій,Борисович,Ч,1968-06-04,Керівник відділу,місто Дубно,"набережна Вузький, буд. 7",543 24 85,piurchuk@example.org
Дерегус,Христина,Михайлівна,Ж,1938-10-16,Програміст,хутір Жашків,"площа Косовський, буд. 678 кв. 0",059 102-97-97,olukash@example.com
Іванченко,Христина,Тарасівна,Ж,1955-12-15,Адміністратор,хутір Світлодарськ,"площа 5-та Лінія Марії Демченко, буд. 227 кв. 9",010 680-35-29,oksanashvachka@example.org
Мазепа,Миколай,Юрійович,Ч,1987-05-28,Програміст,місто Балта,"провулок Надії Пучковської, буд. 475",002 548-28-51,pmasokha@example.org
Шведченко,Ірена,Григорівна,Ж,1954-05-22,Бухгалтер,хутір Новояворівськ,"площа Танкерна, буд. 515 кв. 928",+380 27 546-07-84,uizhak@example.org
Гоголь-Яновська,Орест,Петрович,Ч,1959-05-29,Програміст,хутір Збараж,"проспект Івана Микитенка, буд. 008 кв. 343",579 18 03,pavloonyshchenko@example.org
Штокало,Віктор,Петрович,Ч,1967-09-25,Керівник відділу,селище Дніпрорудне,"набережна Пересипський міст, буд. 3",505-02-17,viravdovychenko@example.org
Олійник,Гаврило,Миколайович,Ч,1939-06-09,Маркетолог,хутір Підгородне,"вулиця Східний, буд. 2 кв. 265",077 591 19 99,wvlokh@example.org
Худяк,Трохим,Олексійович,Ч,1995-06-07,Технік,хутір Підгородне,"сквер Валерія Лобановського, буд. 309 кв. 23",+380 05 543-05-73,avhustyn70@example.com
Канівець,Амвросій,Андрійович,Ч,1958-03-06,Менеджер,хутір Світлодарськ,"сквер Краснова, буд. 84 кв. 6",003 110-53-46,qholoborodko@example.com
Давимука,Вікторія,Миколаївна,Ж,1943-04-11,Секретар,хутір Сновськ,"узвіз Скрипковий, буд. 02",+380 (21) 462-03-96,whavriushenko@example.com
Оліфіренко,Ольга,Олександрівна,Ж,1943-08-21,HR,хутір Збараж,"набережна Віктора Скаржинського узвіз, буд. 0 кв. 18",+380 49 827-32-04,vitalii09@example.net
Базавлученко,Єлисавета,Олександрівна,Ж,1958-09-20,Інженер,хутір Світлодарськ,"узвіз Барвінковий, буд. 199",582-80-82,xkorbut@example.com
Павленко,Августин,Павлович,Ч,1943-03-26,Маркетолог,хутір Рені,"набережна 15-та ст. Великого Фонтану пляж, буд. 5",+380 (42) 307-03-38,klavdiiavasylashko@example.org
Валенко,Назар,Володимирович,Ч,1955-12-19,Секретар,місто Івано-Франківськ,"набережна Левадна, буд. 5",+380 10 908 60 22,bezditkorostyslav@example.org
Гавришкевич,Валентин,Васильович,Ч,1948-09-10,Інженер,хутір Жашків,"провулок Хвиляста, буд. 58 кв. 699",+380 48 474 00 54,solomononufriienko@example.com
Шовкопляс,Лесь,Петрович,Ч,2004-12-10,Лаборант,село Болехів,"шосе Картамишевський, буд. 7",001 796-68-54,zaichenkovira@example.com
Конопля,Мілена,Сергіївна,Ж,2008-07-16,Секретар,місто Івано-Франківськ,"вулиця Сталепрокатна, буд. 02 кв. 954",616-86-13,boryslav10@example.net
